InChIKey,odorant,Or10a,Or19a,Or22a,Or23a,Or2a,Or33b,Or35a,Or43a,Or43b,Or47a,Or47b,Or49b,Or59b,Or65a,Or67a,Or67c,Or7a,Or82a,Or85a,Or85b,Or85f,Or88a,Or98a,Or9a
SFR,sfr,14.0,29.0,4.0,9.0,8.0,25.0,17.0,21.0,2.0,1.0,47.0,8.0,2.0,18.0,11.0,6.0,17.0,16.0,14.0,13.0,7.0,26.0,12.0,3.0
VHUUQVKOLVNVRT-UHFFFAOYSA-N,ammonium hydroxide,24.0,30.0,17.0,7.0,11.0,16.0,21.0,20.0,5.0,17.0,39.0,12.0,7.0,21.0,27.0,16.0,-4.0,18.0,8.0,28.0,24.0,26.0,36.0,35.0
KIDHWZJUCRJVML-UHFFFAOYSA-N,putrescine,-12.0,20.0,16.0,7.0,14.0,21.0,17.0,4.0,3.0,-8.0,22.0,1.0,4.0,16.0,7.0,12.0,-19.0,12.0,1.0,37.0,15.0,20.0,29.0,29.0
VHRGRCVQAFMJIZ-UHFFFAOYSA-N,cadaverine,-3.0,24.0,17.0,2.0,9.0,18.0,29.0,11.0,14.0,-7.0,31.0,6.0,9.0,17.0,3.0,20.0,-24.0,14.0,3.0,42.0,23.0,26.0,33.0,24.0
YEJRWHAVMIAJKC-UHFFFAOYSA-N,gamma-butyrolactone,8.0,22.0,47.0,13.0,17.0,32.0,98.0,9.0,21.0,7.0,56.0,7.0,18.0,24.0,136.0,26.0,51.0,9.0,6.0,60.0,30.0,28.0,41.0,56.0
JBFHTYHTHYHCDJ-UHFFFAOYSA-N,gamma-hexalactone,32.0,27.0,144.0,21.0,23.0,50.0,188.0,29.0,32.0,25.0,11.0,7.0,20.0,36.0,58.0,46.0,-22.0,21.0,11.0,66.0,61.0,29.0,36.0,121.0
IPBFYZQJXZJBFQ-UHFFFAOYSA-N,gamma-octalactone,32.0,31.0,45.0,12.0,15.0,35.0,53.0,16.0,29.0,18.0,28.0,5.0,2.0,38.0,36.0,22.0,-5.0,36.0,1.0,187.0,38.0,10.0,113.0,29.0
IFYYFLINQYPWGJ-UHFFFAOYSA-N,gamma-decalactone,12.0,7.0,20.0,6.0,7.0,42.0,14.0,3.0,4.0,-2.0,44.0,8.0,-2.0,16.0,18.0,7.0,5.0,8.0,3.0,26.0,2.0,33.0,21.0,2.0
GHBSPIPJMLAMEP-UHFFFAOYSA-N,delta-decalactone,3.0,6.0,15.0,7.0,8.0,40.0,7.0,5.0,4.0,1.0,43.0,4.0,4.0,13.0,13.0,6.0,2.0,11.0,15.0,37.0,6.0,25.0,20.0,1.0
BDAGIHXWWSANSR-UHFFFAOYSA-N,methanoic acid,45.0,29.0,37.0,1.0,6.0,19.0,22.0,12.0,10.0,0.0,27.0,11.0,27.0,20.0,16.0,18.0,3.0,8.0,5.0,27.0,14.0,26.0,16.0,17.0
QTBSBXVTEAMEQO-UHFFFAOYSA-N,acetic acid,32.0,32.0,36.0,8.0,13.0,23.0,16.0,21.0,12.0,3.0,26.0,13.0,26.0,22.0,6.0,12.0,6.0,26.0,15.0,40.0,18.0,21.0,31.0,12.0
XBDQKXXYIPTUBI-UHFFFAOYSA-N,propanoic acid,50.0,34.0,41.0,6.0,9.0,16.0,19.0,16.0,9.0,8.0,25.0,17.0,26.0,26.0,60.0,24.0,22.0,23.0,8.0,54.0,22.0,19.0,23.0,23.0
FERIUCNNQQJTOY-UHFFFAOYSA-N,butyric acid,47.0,39.0,121.0,6.0,19.0,14.0,29.0,14.0,22.0,18.0,20.0,16.0,36.0,27.0,143.0,22.0,59.0,23.0,4.0,52.0,28.0,24.0,23.0,141.0
NQPDZGIKBAWPEJ-UHFFFAOYSA-N,pentanoic acid,36.0,59.0,49.0,11.0,15.0,14.0,53.0,16.0,9.0,15.0,25.0,10.0,26.0,20.0,218.0,17.0,39.0,41.0,11.0,43.0,18.0,19.0,3.0,22.0
FUZZWVXGSFPDMH-UHFFFAOYSA-N,hexanoic acid,33.0,59.0,121.0,12.0,16.0,47.0,24.0,26.0,9.0,10.0,23.0,15.0,31.0,25.0,31.0,18.0,20.0,35.0,3.0,53.0,28.0,21.0,25.0,25.0
MNWFXJYAOYHMED-UHFFFAOYSA-N,heptanoic acid,13.0,10.0,16.0,7.0,11.0,21.0,28.0,10.0,22.0,2.0,40.0,4.0,18.0,17.0,12.0,3.0,11.0,11.0,15.0,50.0,12.0,23.0,10.0,6.0
WWZKQHOCKIZLMA-UHFFFAOYSA-N,octanoic acid,13.0,3.0,4.0,11.0,6.0,12.0,13.0,16.0,12.0,6.0,36.0,7.0,7.0,17.0,2.0,8.0,10.0,9.0,9.0,81.0,14.0,27.0,7.0,1.0
FBUKVWPVBMHYJY-UHFFFAOYSA-N,nonanoic acid,16.0,10.0,11.0,5.0,6.0,23.0,9.0,6.0,8.0,-3.0,43.0,8.0,9.0,12.0,7.0,11.0,7.0,9.0,15.0,56.0,12.0,23.0,4.0,-3.0
OYHQOLUKZRVURQ-HZJYTTRNSA-N,linoleic acid,18.0,-1.0,7.0,14.0,1.0,14.0,55.0,7.0,36.0,23.0,27.0,7.0,11.0,26.0,10.0,2.0,153.0,9.0,16.0,71.0,14.0,17.0,7.0,6.0
KQNPFQTWMSNSAP-UHFFFAOYSA-N,isobutyric acid,43.0,36.0,38.0,6.0,6.0,16.0,18.0,16.0,12.0,15.0,28.0,12.0,32.0,20.0,10.0,19.0,25.0,27.0,7.0,48.0,21.0,22.0,22.0,22.0
GWYFCOCPABKNJV-UHFFFAOYSA-N,isopentanoic acid,38.0,50.0,45.0,5.0,12.0,15.0,22.0,9.0,11.0,12.0,32.0,14.0,30.0,21.0,57.0,21.0,13.0,40.0,15.0,33.0,21.0,23.0,17.0,26.0
LCTONWCANYUPML-UHFFFAOYSA-N,pyruvic acid,37.0,28.0,39.0,8.0,11.0,13.0,22.0,20.0,11.0,17.0,27.0,9.0,22.0,26.0,16.0,17.0,72.0,8.0,5.0,36.0,17.0,29.0,13.0,25.0
OBETXYAYXDNJHR-UHFFFAOYSA-N,2-ethylhexanoic acid,19.0,7.0,23.0,7.0,11.0,10.0,9.0,-4.0,47.0,22.0,31.0,7.0,23.0,21.0,7.0,14.0,18.0,10.0,13.0,112.0,23.0,14.0,16.0,7.0
JVTAAEKCZFNVCJ-UHFFFAOYSA-N,lactic acid,48.0,25.0,40.0,6.0,10.0,22.0,26.0,22.0,8.0,15.0,26.0,12.0,18.0,20.0,14.0,27.0,15.0,11.0,3.0,28.0,17.0,23.0,25.0,9.0
CZUGFKJYCPYHHV-UHFFFAOYSA-N,3-methylthio-1-propanol,19.0,20.0,42.0,7.0,16.0,18.0,205.0,25.0,39.0,201.0,21.0,7.0,33.0,16.0,62.0,52.0,46.0,46.0,39.0,59.0,49.0,28.0,40.0,99.0
QMMFVYPAHWMCMS-UHFFFAOYSA-N,dimethyl sulfide,-2.0,2.0,17.0,5.0,8.0,19.0,15.0,2.0,13.0,-1.0,39.0,-2.0,66.0,12.0,12.0,8.0,9.0,18.0,6.0,45.0,28.0,20.0,1.0,22.0
MOYAFQVGZZPNRA-UHFFFAOYSA-N,terpinolene,7.0,80.0,23.0,6.0,2.0,35.0,24.0,15.0,14.0,9.0,41.0,10.0,14.0,14.0,45.0,21.0,23.0,11.0,8.0,49.0,12.0,32.0,93.0,2.0
GRWFGVWFFZKLTI-UHFFFAOYSA-N,alpha-pinene,12.0,50.0,37.0,6.0,6.0,38.0,45.0,27.0,6.0,19.0,39.0,4.0,2.0,19.0,18.0,20.0,37.0,13.0,13.0,61.0,25.0,28.0,42.0,2.0
WTARULDDTDQWMU-UHFFFAOYSA-N,beta-pinene,2.0,69.0,14.0,5.0,11.0,35.0,20.0,31.0,11.0,-3.0,49.0,9.0,-2.0,12.0,5.0,12.0,6.0,14.0,17.0,47.0,8.0,28.0,9.0,-3.0
BQOFWKZOCNGFEC-UHFFFAOYSA-N,3-carene,2.0,152.0,15.0,4.0,7.0,30.0,13.0,30.0,9.0,6.0,45.0,2.0,-2.0,15.0,13.0,17.0,21.0,11.0,22.0,29.0,11.0,30.0,5.0,4.0
XMGQYMWWDOXHJM-UHFFFAOYSA-N,limonene,9.0,121.0,38.0,5.0,11.0,33.0,68.0,15.0,8.0,26.0,42.0,13.0,-3.0,15.0,13.0,17.0,21.0,18.0,17.0,60.0,8.0,28.0,42.0,6.0
FAMPSKZZVDUYOS-HRGUGZIWSA-N,alpha-humulene,5.0,22.0,13.0,6.0,7.0,24.0,20.0,10.0,7.0,7.0,47.0,14.0,1.0,16.0,12.0,16.0,27.0,8.0,10.0,32.0,3.0,32.0,10.0,1.0
UAHWPYUMFXYFJY-UHFFFAOYSA-N,beta-myrcene,5.0,50.0,23.0,5.0,10.0,29.0,17.0,16.0,9.0,-1.0,46.0,5.0,-3.0,17.0,48.0,18.0,26.0,9.0,17.0,34.0,9.0,33.0,32.0,2.0
NPNUFJAVOOONJE-GFUGXAQUSA-N,(-)-trans-caryophyllene,8.0,50.0,12.0,4.0,10.0,39.0,31.0,-4.0,10.0,6.0,41.0,1.0,14.0,17.0,5.0,14.0,21.0,15.0,15.0,47.0,12.0,26.0,8.0,6.0
HFPZCAJZSCWRBC-UHFFFAOYSA-N,p-cymene,6.0,49.0,22.0,3.0,6.0,28.0,26.0,13.0,4.0,13.0,45.0,11.0,1.0,10.0,9.0,14.0,16.0,4.0,13.0,30.0,11.0,31.0,3.0,1.0
HIGQPQRQIQDZMP-DHZHZOJOSA-N,geranyl acetate,6.0,38.0,5.0,13.0,10.0,25.0,14.0,11.0,12.0,-1.0,46.0,4.0,39.0,11.0,18.0,3.0,18.0,257.0,13.0,11.0,5.0,27.0,93.0,-2.0
WUOACPNHFRMFPN-SECBINFHSA-N,alpha-terpineol,4.0,114.0,67.0,5.0,10.0,35.0,35.0,22.0,8.0,13.0,39.0,5.0,-6.0,22.0,30.0,24.0,22.0,19.0,2.0,64.0,5.0,33.0,23.0,10.0
GLZPCOQZEFWAFX-JXMROGBWSA-N,geraniol,8.0,31.0,32.0,3.0,7.0,40.0,26.0,5.0,8.0,2.0,40.0,6.0,3.0,16.0,60.0,29.0,18.0,45.0,10.0,54.0,8.0,33.0,101.0,2.0
GLZPCOQZEFWAFX-YFHOEESVSA-N,nerol,2.0,51.0,41.0,6.0,16.0,38.0,27.0,14.0,11.0,1.0,40.0,15.0,-6.0,23.0,25.0,19.0,27.0,17.0,12.0,55.0,12.0,33.0,77.0,5.0
CDOSHBSSFJOMGT-UHFFFAOYSA-N,linalool,0.0,154.0,56.0,12.0,25.0,54.0,43.0,15.0,3.0,21.0,33.0,0.0,-6.0,20.0,95.0,13.0,48.0,28.0,-2.0,64.0,11.0,24.0,152.0,9.0
QMVPMAAFGQKVCJ-SNVBAGLBSA-N,beta-citronellol,4.0,47.0,29.0,3.0,11.0,33.0,28.0,8.0,9.0,0.0,41.0,3.0,0.0,17.0,17.0,25.0,38.0,21.0,22.0,54.0,2.0,33.0,62.0,9.0
BRHDDEIRQPDPMG-UHFFFAOYSA-N,linalool oxide,15.0,120.0,29.0,17.0,38.0,42.0,12.0,39.0,16.0,26.0,38.0,-4.0,20.0,21.0,46.0,28.0,3.0,43.0,23.0,46.0,51.0,30.0,48.0,82.0
IKHGUXGNUITLKF-UHFFFAOYSA-N,acetaldehyde,39.0,48.0,75.0,20.0,29.0,36.0,21.0,25.0,10.0,56.0,9.0,7.0,64.0,31.0,23.0,53.0,182.0,26.0,49.0,50.0,31.0,31.0,30.0,98.0
NBBJYMSMWIIQGU-UHFFFAOYSA-N,propanal,13.0,-23.0,40.0,4.0,26.0,28.0,11.0,-10.0,17.0,13.0,7.0,0.0,14.0,11.0,16.0,21.0,1.0,1.0,29.0,65.0,15.0,17.0,23.0,9.0
ZTQSAGDEMFDKMZ-UHFFFAOYSA-N,butanal,12.0,-9.0,57.0,3.0,51.0,25.0,82.0,10.0,53.0,21.0,21.0,1.0,11.0,14.0,73.0,27.0,71.0,23.0,19.0,66.0,25.0,23.0,38.0,9.0
HGBOYTHUEUWSSQ-UHFFFAOYSA-N,pentanal,20.0,9.0,73.0,4.0,30.0,28.0,99.0,8.0,14.0,29.0,25.0,0.0,13.0,19.0,56.0,26.0,188.0,26.0,12.0,67.0,33.0,24.0,39.0,27.0
JARKCYVAAOWBJS-UHFFFAOYSA-N,hexanal,42.0,0.0,143.0,22.0,27.0,15.0,202.0,17.0,46.0,47.0,26.0,4.0,19.0,31.0,40.0,21.0,194.0,24.0,34.0,237.0,50.0,17.0,41.0,37.0
MBDOYVRWFFCFHM-SNAWJCMRSA-N,E2-hexenal,6.0,87.0,53.0,54.0,25.0,17.0,244.0,62.0,86.0,38.0,65.0,14.0,5.0,16.0,128.0,53.0,238.0,10.0,25.0,158.0,42.0,18.0,40.0,41.0
HYBBIBNJHNGZAN-UHFFFAOYSA-N,furfural,48.0,7.0,33.0,27.0,19.0,53.0,193.0,4.0,36.0,7.0,28.0,4.0,52.0,17.0,193.0,42.0,193.0,55.0,12.0,74.0,66.0,14.0,45.0,96.0
HGINCPLSRVDWNT-UHFFFAOYSA-N,2-propenal,7.0,17.0,36.0,3.0,22.0,31.0,8.0,14.0,13.0,9.0,31.0,5.0,21.0,20.0,32.0,11.0,48.0,11.0,33.0,49.0,9.0,30.0,34.0,6.0
CSCPPACGZOOCGX-UHFFFAOYSA-N,acetone,14.0,4.0,42.0,2.0,9.0,15.0,25.0,5.0,13.0,4.0,41.0,5.0,132.0,11.0,38.0,1.0,7.0,12.0,9.0,41.0,25.0,17.0,11.0,32.0
ZWEHNKRNPOVVGH-UHFFFAOYSA-N,2-butanone,21.0,13.0,88.0,12.0,16.0,32.0,30.0,13.0,27.0,17.0,32.0,11.0,146.0,16.0,78.0,27.0,26.0,33.0,15.0,52.0,48.0,12.0,16.0,97.0
XNLICIUVMPYHGG-UHFFFAOYSA-N,2-pentanone,33.0,28.0,152.0,22.0,38.0,35.0,129.0,33.0,77.0,75.0,16.0,11.0,62.0,30.0,81.0,66.0,19.0,48.0,6.0,128.0,59.0,7.0,23.0,133.0
CATSNJVOTSVZJV-UHFFFAOYSA-N,2-heptanone,31.0,160.0,115.0,34.0,47.0,25.0,136.0,63.0,73.0,210.0,37.0,29.0,27.0,53.0,181.0,42.0,15.0,48.0,47.0,203.0,47.0,45.0,201.0,109.0
UHEPJGULSIKKTP-UHFFFAOYSA-N,6-methyl-5-hepten-2-one,22.0,98.0,89.0,37.0,54.0,14.0,5.0,28.0,48.0,41.0,53.0,3.0,2.0,67.0,245.0,22.0,-7.0,77.0,7.0,270.0,41.0,11.0,244.0,61.0
QSJXEFYPDANLFS-UHFFFAOYSA-N,"2,3-butanedione",36.0,64.0,52.0,24.0,11.0,36.0,30.0,32.0,71.0,26.0,54.0,14.0,99.0,26.0,95.0,48.0,30.0,36.0,54.0,84.0,21.0,37.0,46.0,63.0
WRMNZCZEMHIOCP-UHFFFAOYSA-N,phenethyl alcohol,-2.0,43.0,50.0,7.0,10.0,54.0,137.0,49.0,8.0,10.0,27.0,53.0,4.0,12.0,247.0,73.0,20.0,41.0,17.0,33.0,15.0,30.0,4.0,20.0
WVDDGKGOMKODPV-UHFFFAOYSA-N,benzyl alcohol,9.0,20.0,44.0,4.0,4.0,59.0,61.0,73.0,2.0,9.0,26.0,119.0,16.0,15.0,127.0,32.0,22.0,39.0,10.0,32.0,32.0,27.0,13.0,33.0
OSWPMRLSEDHDFF-UHFFFAOYSA-N,methyl salicylate,272.0,30.0,2.0,8.0,13.0,18.0,19.0,41.0,14.0,-5.0,53.0,56.0,-2.0,5.0,46.0,4.0,11.0,11.0,16.0,5.0,12.0,19.0,20.0,16.0
QPJVMBTYPHYUOC-UHFFFAOYSA-N,methyl benzoate,279.0,17.0,47.0,3.0,9.0,13.0,3.0,18.0,34.0,39.0,43.0,27.0,0.0,16.0,219.0,16.0,-10.0,47.0,18.0,42.0,53.0,17.0,238.0,46.0
MTZQAGJQAFMTAQ-UHFFFAOYSA-N,ethyl benzoate,282.0,23.0,53.0,3.0,9.0,22.0,1.0,-5.0,8.0,28.0,36.0,2.0,-3.0,12.0,209.0,2.0,-3.0,12.0,0.0,27.0,28.0,21.0,285.0,32.0
MDHYEMXUFSJLGV-UHFFFAOYSA-N,phenethyl acetate,2.0,36.0,44.0,5.0,19.0,25.0,4.0,9.0,4.0,25.0,32.0,15.0,36.0,35.0,196.0,7.0,4.0,35.0,6.0,41.0,14.0,22.0,36.0,21.0
HUMNYLRZRPPJDN-UHFFFAOYSA-N,benzaldehyde,137.0,14.0,36.0,4.0,13.0,20.0,100.0,57.0,14.0,23.0,29.0,109.0,8.0,8.0,211.0,12.0,217.0,6.0,21.0,50.0,56.0,23.0,42.0,60.0
DTUQWGWMVIHBKE-UHFFFAOYSA-N,phenylacetaldehyde,78.0,-1.0,48.0,10.0,18.0,32.0,0.0,15.0,10.0,28.0,30.0,87.0,9.0,21.0,164.0,23.0,60.0,25.0,24.0,52.0,27.0,26.0,39.0,17.0
KWOLFJPFCHCOCG-UHFFFAOYSA-N,acetophenone,268.0,34.0,36.0,3.0,5.0,9.0,27.0,58.0,12.0,39.0,41.0,87.0,7.0,30.0,195.0,41.0,27.0,0.0,-11.0,35.0,91.0,14.0,41.0,65.0
KBEBGUQPQBELIU-CMDGGOBGSA-N,ethyl cinnamate,7.0,8.0,16.0,8.0,4.0,28.0,7.0,2.0,4.0,0.0,46.0,11.0,0.0,20.0,86.0,5.0,11.0,15.0,7.0,48.0,-4.0,30.0,19.0,1.0
QWVGKYWNOKOFNN-UHFFFAOYSA-N,2-methylphenol,-3.0,13.0,13.0,1.0,-3.0,9.0,5.0,98.0,37.0,-10.0,20.0,258.0,-5.0,0.0,68.0,8.0,-10.0,2.0,0.0,40.0,38.0,12.0,-9.0,39.0
CHWNEIVBYREQRF-UHFFFAOYSA-N,4-ethylguaiacol,16.0,19.0,11.0,0.0,7.0,22.0,14.0,16.0,5.0,-1.0,42.0,6.0,8.0,10.0,15.0,37.0,7.0,9.0,8.0,52.0,21.0,25.0,13.0,17.0
RRAFCDWBNXTKKO-UHFFFAOYSA-N,eugenol,78.0,13.0,11.0,10.0,12.0,19.0,10.0,7.0,12.0,1.0,43.0,2.0,23.0,11.0,18.0,3.0,7.0,15.0,10.0,47.0,19.0,23.0,62.0,13.0
OKKJLVBELUTLKV-UHFFFAOYSA-N,methanol,19.0,13.0,59.0,6.0,18.0,60.0,55.0,19.0,16.0,14.0,26.0,17.0,20.0,21.0,14.0,26.0,39.0,19.0,28.0,30.0,13.0,18.0,17.0,28.0
LFQSCWFLJHTTHZ-UHFFFAOYSA-N,ethanol,26.0,17.0,59.0,15.0,12.0,61.0,51.0,14.0,15.0,10.0,25.0,9.0,15.0,20.0,15.0,32.0,50.0,32.0,31.0,40.0,9.0,14.0,15.0,24.0
BDERNNFJNOPAEC-UHFFFAOYSA-N,1-propanol,10.0,39.0,62.0,14.0,41.0,52.0,72.0,8.0,35.0,17.0,29.0,9.0,14.0,13.0,27.0,54.0,197.0,33.0,14.0,60.0,29.0,20.0,3.0,55.0
LRHPLDYGYMQRHN-UHFFFAOYSA-N,1-butanol,9.0,78.0,124.0,50.0,53.0,64.0,216.0,20.0,75.0,25.0,22.0,34.0,46.0,16.0,76.0,78.0,212.0,54.0,16.0,57.0,35.0,26.0,5.0,106.0
AMQJEAYHLZJPGS-UHFFFAOYSA-N,1-pentanol,25.0,113.0,183.0,82.0,43.0,67.0,205.0,98.0,111.0,63.0,16.0,52.0,57.0,19.0,159.0,132.0,183.0,71.0,61.0,182.0,63.0,34.0,87.0,163.0
ZSIAUFGUXNUGDI-UHFFFAOYSA-N,1-hexanol,24.0,175.0,67.0,60.0,48.0,26.0,254.0,154.0,75.0,59.0,12.0,39.0,37.0,25.0,184.0,115.0,113.0,74.0,151.0,196.0,71.0,42.0,170.0,105.0
KBPLFHHGFOOTCA-UHFFFAOYSA-N,1-octanol,-4.0,121.0,57.0,10.0,9.0,28.0,239.0,8.0,30.0,8.0,15.0,2.0,-5.0,14.0,55.0,17.0,-1.0,51.0,18.0,69.0,17.0,6.0,36.0,23.0
JYVLIDXNZAXMDK-UHFFFAOYSA-N,2-pentanol,31.0,103.0,117.0,50.0,46.0,70.0,179.0,117.0,170.0,78.0,14.0,40.0,41.0,26.0,44.0,104.0,95.0,76.0,59.0,157.0,65.0,31.0,93.0,230.0
PHTQWCKDNZKARW-UHFFFAOYSA-N,3-methyl-butanol,8.0,107.0,108.0,42.0,38.0,58.0,239.0,75.0,51.0,25.0,14.0,28.0,27.0,17.0,78.0,87.0,174.0,74.0,-1.0,37.0,48.0,30.0,26.0,100.0
ASUAYTHWZCLXAN-UHFFFAOYSA-N,3-methyl-2-buten-1-ol,9.0,87.0,105.0,34.0,44.0,66.0,193.0,51.0,55.0,20.0,22.0,43.0,28.0,22.0,226.0,101.0,213.0,58.0,25.0,38.0,44.0,33.0,206.0,62.0
VHVMXWZXFBOANQ-UHFFFAOYSA-N,1-penten-3-ol,7.0,93.0,62.0,38.0,42.0,69.0,54.0,79.0,105.0,40.0,12.0,40.0,41.0,17.0,19.0,115.0,141.0,61.0,34.0,34.0,47.0,20.0,6.0,212.0
VSMOENVRRABVKN-UHFFFAOYSA-N,1-octen-3-ol,8.0,178.0,125.0,28.0,35.0,8.0,158.0,121.0,46.0,91.0,17.0,23.0,17.0,34.0,175.0,30.0,26.0,50.0,54.0,193.0,38.0,10.0,209.0,57.0
ZCHHRLHTBGRGOT-SNAWJCMRSA-N,E2-hexenol,6.0,108.0,91.0,50.0,43.0,46.0,240.0,53.0,91.0,32.0,14.0,49.0,22.0,22.0,120.0,148.0,197.0,32.0,82.0,267.0,70.0,18.0,226.0,113.0
ZCHHRLHTBGRGOT-PLNGDYQASA-N,Z2-hexenol,-1.0,114.0,115.0,64.0,42.0,46.0,219.0,97.0,175.0,31.0,13.0,28.0,28.0,12.0,116.0,105.0,168.0,53.0,23.0,162.0,57.0,14.0,104.0,91.0
UFLHIIWVXFIJGU-ONEGZZNKSA-N,E3-hexenol,27.0,103.0,86.0,49.0,53.0,54.0,230.0,65.0,57.0,29.0,13.0,37.0,34.0,25.0,171.0,108.0,171.0,50.0,163.0,254.0,78.0,9.0,149.0,201.0
UFLHIIWVXFIJGU-ARJAWSKDSA-N,Z3-hexenol,9.0,113.0,85.0,45.0,37.0,55.0,221.0,119.0,81.0,53.0,18.0,45.0,44.0,12.0,127.0,117.0,167.0,50.0,101.0,208.0,62.0,10.0,150.0,157.0
PEDCQBHIVMGVHV-UHFFFAOYSA-N,glycerol,6.0,8.0,8.0,2.0,10.0,40.0,13.0,3.0,7.0,3.0,46.0,8.0,-2.0,15.0,9.0,5.0,15.0,12.0,15.0,12.0,9.0,34.0,10.0,11.0
OWBTYPJTUOEWEK-UHFFFAOYSA-N,"2,3-butanediol",9.0,10.0,54.0,5.0,14.0,61.0,21.0,10.0,112.0,3.0,36.0,3.0,12.0,12.0,24.0,41.0,2.0,40.0,27.0,29.0,16.0,26.0,20.0,250.0
KXKVLQRXCPHEJC-UHFFFAOYSA-N,methyl acetate,23.0,16.0,58.0,11.0,13.0,40.0,11.0,9.0,24.0,26.0,26.0,3.0,271.0,15.0,18.0,13.0,11.0,31.0,4.0,42.0,19.0,40.0,16.0,27.0
XEKOWRVHYACXOJ-UHFFFAOYSA-N,ethyl acetate,20.0,36.0,57.0,11.0,5.0,35.0,35.0,29.0,134.0,87.0,40.0,23.0,179.0,18.0,54.0,35.0,23.0,33.0,79.0,31.0,19.0,31.0,35.0,40.0
YKYONYBAUNKHLG-UHFFFAOYSA-N,propyl acetate,81.0,28.0,202.0,21.0,39.0,38.0,119.0,33.0,176.0,215.0,13.0,19.0,68.0,20.0,86.0,69.0,13.0,31.0,1.0,176.0,55.0,37.0,166.0,164.0
DKPFZGUDAPQIHT-UHFFFAOYSA-N,butyl acetate,142.0,60.0,216.0,38.0,59.0,37.0,80.0,41.0,140.0,206.0,9.0,27.0,50.0,41.0,175.0,51.0,-2.0,52.0,3.0,262.0,63.0,26.0,239.0,154.0
PGMYKACGEOXYJE-UHFFFAOYSA-N,pentyl acetate,13.0,159.0,162.0,29.0,43.0,13.0,208.0,33.0,91.0,242.0,23.0,16.0,67.0,52.0,227.0,23.0,13.0,37.0,44.0,203.0,42.0,35.0,203.0,88.0
AOGQPLXWSUTHQB-UHFFFAOYSA-N,hexyl acetate,-5.0,79.0,176.0,11.0,37.0,36.0,223.0,18.0,18.0,202.0,10.0,5.0,41.0,60.0,61.0,8.0,-2.0,40.0,5.0,47.0,9.0,29.0,90.0,47.0
GJRQTCIYDGXPES-UHFFFAOYSA-N,isobutyl acetate,226.0,77.0,255.0,18.0,39.0,40.0,43.0,46.0,179.0,184.0,19.0,5.0,46.0,22.0,42.0,79.0,55.0,45.0,-9.0,146.0,46.0,33.0,220.0,175.0
MLFHJEHSLIIPHL-UHFFFAOYSA-N,isopentyl acetate,222.0,110.0,236.0,30.0,73.0,31.0,39.0,38.0,98.0,123.0,9.0,19.0,48.0,28.0,140.0,54.0,-16.0,55.0,-2.0,244.0,34.0,25.0,260.0,142.0
HRHOWZHRCRZVCU-WAYWQWQTSA-N,E2-hexenyl acetate,10.0,66.0,198.0,13.0,30.0,38.0,244.0,4.0,9.0,60.0,15.0,14.0,47.0,54.0,84.0,18.0,221.0,44.0,14.0,60.0,18.0,24.0,215.0,33.0
UUIQMZJEGPQKFD-UHFFFAOYSA-N,methyl butyrate,57.0,23.0,224.0,11.0,33.0,44.0,119.0,31.0,176.0,149.0,22.0,28.0,138.0,21.0,126.0,81.0,16.0,41.0,17.0,91.0,37.0,34.0,81.0,146.0
OBNCKNCVKJNDBV-UHFFFAOYSA-N,ethyl butyrate,43.0,102.0,197.0,24.0,20.0,62.0,138.0,43.0,201.0,75.0,31.0,5.0,41.0,10.0,178.0,118.0,18.0,43.0,139.0,115.0,33.0,17.0,93.0,124.0
XAPCMTMQBXLDBB-UHFFFAOYSA-N,hexyl butyrate,13.0,35.0,43.0,10.0,12.0,29.0,242.0,13.0,9.0,18.0,30.0,8.0,4.0,26.0,73.0,12.0,13.0,26.0,54.0,110.0,8.0,19.0,40.0,5.0
OMSUIQOIVADKIM-UHFFFAOYSA-N,ethyl 3-hydroxybutyrate,82.0,59.0,142.0,43.0,61.0,25.0,104.0,56.0,148.0,77.0,12.0,50.0,37.0,57.0,107.0,95.0,-10.0,21.0,224.0,248.0,79.0,4.0,200.0,207.0
FKRCODPIKNYEAC-UHFFFAOYSA-N,ethyl propionate,52.0,16.0,192.0,4.0,29.0,106.0,18.0,22.0,170.0,56.0,24.0,3.0,101.0,22.0,22.0,53.0,102.0,34.0,58.0,70.0,33.0,21.0,53.0,61.0
WBJINCZRORDGAQ-UHFFFAOYSA-N,ethyl methanoate,17.0,12.0,17.0,4.0,11.0,25.0,6.0,7.0,11.0,-2.0,36.0,11.0,29.0,21.0,9.0,7.0,125.0,14.0,15.0,35.0,15.0,21.0,28.0,27.0
NUKZAGXMHTUAFE-UHFFFAOYSA-N,methyl hexanoate,31.0,65.0,260.0,18.0,47.0,9.0,7.0,24.0,60.0,211.0,14.0,20.0,4.0,37.0,98.0,27.0,57.0,34.0,-2.0,241.0,40.0,-1.0,200.0,56.0
SHZIWNPUGXLXDT-UHFFFAOYSA-N,ethyl hexanoate,0.0,71.0,228.0,22.0,30.0,25.0,-4.0,27.0,6.0,139.0,16.0,6.0,-6.0,25.0,154.0,3.0,4.0,26.0,-8.0,102.0,17.0,15.0,67.0,23.0
NCDCLPBOMHPFCV-UHFFFAOYSA-N,hexyl hexanoate,13.0,4.0,35.0,5.0,9.0,26.0,143.0,7.0,1.0,0.0,51.0,7.0,9.0,16.0,8.0,2.0,13.0,13.0,19.0,30.0,16.0,29.0,17.0,0.0
JGHZJRVDZXSNKQ-UHFFFAOYSA-N,methyl octanoate,1.0,29.0,241.0,6.0,9.0,28.0,27.0,8.0,6.0,59.0,21.0,12.0,-6.0,40.0,4.0,8.0,10.0,32.0,2.0,75.0,8.0,18.0,35.0,7.0
YYZUSRORWSJGET-UHFFFAOYSA-N,ethyl octanoate,0.0,21.0,99.0,5.0,9.0,21.0,5.0,9.0,5.0,19.0,40.0,2.0,0.0,25.0,1.0,7.0,10.0,21.0,6.0,52.0,8.0,21.0,34.0,5.0
RGXWDWUGBIJHDO-UHFFFAOYSA-N,ethyl decanoate,57.0,12.0,10.0,8.0,13.0,26.0,7.0,13.0,9.0,-2.0,44.0,6.0,5.0,14.0,4.0,3.0,5.0,12.0,-6.0,41.0,5.0,21.0,24.0,5.0
ZFDIRQKJPRINOQ-HWKANZROSA-N,ethyl trans-2-butenoate,160.0,38.0,214.0,18.0,19.0,21.0,31.0,-1.0,193.0,45.0,14.0,11.0,-5.0,20.0,115.0,40.0,15.0,32.0,105.0,93.0,31.0,17.0,255.0,106.0
LZCLXQDLBQLTDK-UHFFFAOYSA-N,ethyl lactate,45.0,53.0,74.0,20.0,47.0,27.0,22.0,28.0,95.0,30.0,19.0,42.0,135.0,49.0,50.0,294.0,48.0,58.0,53.0,90.0,84.0,19.0,78.0,78.0
DKMROQRQHGEIOW-UHFFFAOYSA-N,diethyl succinate,1.0,53.0,209.0,35.0,24.0,17.0,-3.0,13.0,6.0,37.0,31.0,5.0,-7.0,23.0,186.0,13.0,6.0,48.0,2.0,48.0,19.0,31.0,16.0,24.0
